Emp ID,Name Prefix,First Name,Middle Initial,Last Name,Gender,E Mail
850297,Ms.,Shawna,W,Buck,F,shawna.buck@gmail.com
304721,Mr.,Nathaniel,Z,Burke,M,nathaniel.burke@walmart.com
412317,Drs.,Elisabeth,W,Foster,F,elisabeth.foster@gmail.com
621375,Mrs.,Briana,C,Lancaster,F,briana.lancaster@yahoo.com
787549,Hon.,Estella,L,Potter,F,estella.potter@gmail.com
520092,Mr.,Lamont,L,Woods,M,lamont.woods@hotmail.com
795934,Ms.,Melinda,L,Lopez,F,melinda.lopez@hotmail.com
159108,Mrs.,Shanna,U,Silva,F,shanna.silva@gmail.com
330816,Ms.,Jasmine,J,Freeman,F,jasmine.freeman@gmail.com
532002,Ms.,Madge,V,Sargent,F,madge.sargent@aol.com
612850,Ms.,Bethany,Z,Cline,F,bethany.cline@yahoo.ca
483751,Prof.,Reid,F,Randolph,M,reid.randolph@gmail.com
252938,Hon.,Antoine,H,Wiley,M,antoine.wiley@verizon.net
966375,Dr.,Mathew,O,Hodge,M,mathew.hodge@hotmail.com
707520,Mr.,Bernardo,L,Austin,M,bernardo.austin@hotmail.com
673049,Dr.,Cole,E,Jensen,M,cole.jensen@aol.com
265124,Ms.,Tonia,J,Burns,F,tonia.burns@gmail.com
300693,Mr.,Tod,N,Holcomb,M,tod.holcomb@outlook.com
369712,Mrs.,Yesenia,B,Guerrero,F,yesenia.guerrero@btinternet.com
913253,Mr.,Carey,B,Ferrell,M,carey.ferrell@yahoo.com
308617,Mrs.,Aileen,D,Blanchard,F,aileen.blanchard@gmail.com
766783,Mrs.,Marta,N,Cervantes,F,marta.cervantes@gmail.com
959506,Mr.,Arthur,Q,Holloway,M,arthur.holloway@aol.com
513011,Ms.,Tara,Y,Forbes,F,tara.forbes@gmail.com
290808,Mr.,Josef,S,Griffin,M,josef.griffin@yahoo.com
253588,Ms.,Keri,J,Slater,F,keri.slater@apple.com
865628,Mr.,Desmond,R,Wynn,M,desmond.wynn@hotmail.com
583924,Mrs.,Adrienne,H,Puckett,F,adrienne.puckett@verizon.net
932453,Mrs.,Beatriz,I,Knowles,F,beatriz.knowles@gmail.com
432168,Hon.,Jermaine,S,Sykes,M,jermaine.sykes@apple.com
463784,Mr.,Scott,H,Best,M,scott.best@cox.net
721098,Ms.,Isabel,Q,Espinoza,F,isabel.espinoza@gmail.com
392678,Mr.,Marcelino,Y,Kinney,M,marcelino.kinney@gmail.com
880704,Dr.,Benjamin,X,Jennings,M,benjamin.jennings@gmail.com
186102,Drs.,Marcia,N,Casey,F,marcia.casey@gmail.com
350367,Mr.,Rudolph,P,Gordon,M,rudolph.gordon@aol.com
893976,Ms.,Beverly,I,Rosales,F,beverly.rosales@yahoo.com
542826,Mr.,Marcus,D,Bolton,M,marcus.bolton@aol.com
590579,Ms.,Priscilla,Z,Mays,F,priscilla.mays@gmail.com
297741,Ms.,Lynn,E,Pena,F,lynn.pena@yahoo.co.in
458320,Ms.,Tessa,D,Pace,F,tessa.pace@aol.com
297059,Mr.,Rufus,S,Guerra,M,rufus.guerra@rediffmail.com
874971,Mr.,Roman,R,Clark,M,roman.clark@aol.com
136626,Ms.,Carmela,D,Jefferson,F,carmela.jefferson@walmart.com
865495,Mr.,Thurman,J,Good,M,thurman.good@yahoo.com
415161,Dr.,Lemuel,V,Guerrero,M,lemuel.guerrero@aol.com
279563,Mr.,Clint,A,Bridges,M,clint.bridges@aol.com
201710,Ms.,Karyn,A,Christian,F,karyn.christian@aol.com
722543,Ms.,Lesa,E,Hughes,F,lesa.hughes@bp.com
909337,Mr.,Rich,M,Bates,M,rich.bates@apple.com
601071,Ms.,Liz,H,Frank,F,liz.frank@hotmail.com
269523,Hon.,Kendra,X,Villarreal,F,kendra.villarreal@gmail.com
310986,Drs.,Maryellen,R,Mcfadden,F,maryellen.mcfadden@hotmail.co.uk
323914,Mr.,German,M,Carney,M,german.carney@aol.com
928739,Hon.,Micheal,A,Shannon,M,micheal.shannon@earthlink.net
238992,Dr.,Carlo,X,Albert,M,carlo.albert@gmail.com
434046,Mrs.,Bianca,I,Langley,F,bianca.langley@gmail.com
971444,Mr.,Elias,X,Cabrera,M,elias.cabrera@yahoo.com
602683,Ms.,Alberta,A,Chapman,F,alberta.chapman@comcast.net
145327,Mr.,Erin,M,Olsen,M,erin.olsen@yahoo.ca
597202,Dr.,Frederic,E,Stephenson,M,frederic.stephenson@gmail.com
168824,Mr.,Tanner,T,Caldwell,M,tanner.caldwell@aol.com
616665,Mr.,Clarence,I,Powers,M,clarence.powers@gmail.com
396135,Prof.,German,I,Sheppard,M,german.sheppard@gmail.com
966525,Mr.,Dion,U,Duffy,M,dion.duffy@aol.com
362287,Mr.,Cornelius,V,Townsend,M,cornelius.townsend@charter.net
798646,Ms.,Patsy,N,Koch,F,patsy.koch@gmail.com
451972,Hon.,Waldo,I,Shields,M,waldo.shields@aol.com
993675,Hon.,Damien,Z,Rose,M,damien.rose@gmail.com
807964,Mr.,Curt,Y,Bridges,M,curt.bridges@microsoft.com
769123,Mr.,Brenton,N,Matthews,M,brenton.matthews@bellsouth.net
395792,Hon.,Miguel,W,Finley,M,miguel.finley@gmail.com
929791,Ms.,Esperanza,E,Paul,F,esperanza.paul@aol.com
141326,Hon.,Patricia,C,Briggs,F,patricia.briggs@yahoo.com
232794,Dr.,Forrest,B,Noel,M,forrest.noel@hotmail.com
946835,Hon.,Marjorie,J,Wells,F,marjorie.wells@bp.com
894936,Ms.,Vivian,T,Burnett,F,vivian.burnett@gmail.com
946630,Mr.,Duncan,L,Chen,M,duncan.chen@yahoo.co.uk
381338,Ms.,Miriam,A,Barrett,F,miriam.barrett@yahoo.ca
141178,Mr.,Adam,X,Kirby,M,adam.kirby@yahoo.ca
169763,Prof.,Benjamin,X,Macdonald,M,benjamin.macdonald@gmail.com
326358,Mr.,Neil,U,Murray,M,neil.murray@apple.com
185077,Ms.,Nichole,S,Oneil,F,nichole.oneil@shaw.ca
901185,Mr.,Jonathon,M,Pearson,M,jonathon.pearson@yahoo.com
264960,Dr.,Brent,J,Bryant,M,brent.bryant@aol.com
248449,Ms.,Carlene,E,Cain,F,carlene.cain@rediffmail.com
906870,Mr.,Arnulfo,M,Pittman,M,arnulfo.pittman@yahoo.ca
160503,Mr.,Nickolas,Z,Williams,M,nickolas.williams@gmail.com
212917,Prof.,Raymundo,W,Kramer,M,raymundo.kramer@aol.com
337955,Mr.,Jeremiah,W,Dotson,M,jeremiah.dotson@cox.net
171553,Mr.,Tanner,I,Matthews,M,tanner.matthews@rediffmail.com
433510,Mr.,Dorian,A,Foster,M,dorian.foster@gmail.com
970502,Drs.,Nora,I,Hansen,F,nora.hansen@yahoo.co.uk
668717,Hon.,Danial,F,Watts,M,danial.watts@hotmail.com
479832,Dr.,Nelson,H,Mcintosh,M,nelson.mcintosh@bp.com
273645,Dr.,Manuel,J,Fulton,M,manuel.fulton@gmail.com
266284,Hon.,Dominic,U,Henson,M,dominic.henson@aol.com
332802,Mr.,Lowell,M,Erickson,M,lowell.erickson@gmail.com
166615,Mrs.,Jayne,O,Coleman,F,jayne.coleman@yahoo.ca
953967,Mr.,Cornell,G,Daniel,M,cornell.daniel@yahoo.com
114425,Mrs.,Doris,G,Glenn,F,doris.glenn@yahoo.co.uk
676618,Drs.,Tabatha,C,Gonzales,F,tabatha.gonzales@sbcglobal.net
581563,Prof.,Jerome,E,Foreman,M,jerome.foreman@verizon.net
925484,Mr.,Elton,L,Ferguson,M,elton.ferguson@ibm.com
328562,Mr.,Stacy,V,Jennings,M,stacy.jennings@gmail.com
759248,Dr.,Rory,V,Fowler,M,rory.fowler@shaw.ca
158543,Mr.,Greg,S,Kane,M,greg.kane@bp.com
275491,Dr.,Julian,Y,Russo,M,julian.russo@gmail.com
257927,Ms.,Agnes,J,Herman,F,agnes.herman@gmail.com
144114,Mrs.,Nancy,P,Gillespie,F,nancy.gillespie@ibm.com
262843,Mr.,Tyrone,N,Soto,M,tyrone.soto@yahoo.com
963676,Mr.,Bradley,L,Chan,M,bradley.chan@hotmail.com
745672,Dr.,Emile,A,Love,M,emile.love@gmail.com
135089,Prof.,Zachary,G,Gregory,M,zachary.gregory@cox.net
593953,Drs.,Tara,A,Gutierrez,F,tara.gutierrez@aol.com
169348,Mr.,Aubrey,T,Pugh,M,aubrey.pugh@gmail.com
976096,Mr.,Carroll,E,Sweeney,M,carroll.sweeney@walmart.com
790389,Ms.,Claudette,W,Solomon,F,claudette.solomon@yahoo.com
143898,Mr.,Ricky,C,Bowers,M,ricky.bowers@hotmail.com
749765,Mr.,Brian,S,Fitzpatrick,M,brian.fitzpatrick@gmail.com
877422,Hon.,Nicholas,T,Branch,M,nicholas.branch@gmail.com
825343,Mrs.,Eileen,A,Hobbs,F,eileen.hobbs@gmail.com
155570,Mr.,Colin,G,Wilson,M,colin.wilson@yahoo.com
587361,Hon.,Rosario,W,Trevino,F,rosario.trevino@hotmail.co.uk
191240,Mr.,Salvador,Q,Gutierrez,M,salvador.gutierrez@hotmail.com
404070,Prof.,Aldo,J,Medina,M,aldo.medina@gmail.com
192175,Dr.,Bret,J,Blevins,M,bret.blevins@gmail.com
825853,Hon.,Dominic,H,Mosley,M,dominic.mosley@gmail.com
430843,Ms.,Karina,J,Owens,F,karina.owens@gmail.com
597805,Hon.,Marquis,R,Perkins,M,marquis.perkins@aol.com
651120,Mr.,Damon,G,Solomon,M,damon.solomon@aol.com
995242,Mr.,Leonel,K,Atkins,M,leonel.atkins@hotmail.com
839558,Mr.,Teddy,A,Merritt,M,teddy.merritt@msn.com
398788,Ms.,Alexandria,Y,Long,F,alexandria.long@hotmail.com
166790,Ms.,Margaret,C,Reilly,F,margaret.reilly@yahoo.com
581261,Dr.,Willis,L,Rose,M,willis.rose@gmail.com
793523,Prof.,Donovan,O,Bowman,M,donovan.bowman@hotmail.com
178602,Mrs.,Kristina,Q,Mcgowan,F,kristina.mcgowan@gmail.com
346662,Mr.,Garth,I,Clarke,M,garth.clarke@yahoo.com
817037,Mr.,Martin,W,Buchanan,M,martin.buchanan@charter.net
648913,Mr.,Irwin,D,Jenkins,M,irwin.jenkins@aol.com
924281,Mr.,Reynaldo,P,Sosa,M,reynaldo.sosa@gmail.com
951857,Drs.,Sherri,T,Snyder,F,sherri.snyder@gmail.com
474759,Mr.,Johnny,E,Dunlap,M,johnny.dunlap@gmail.com
144715,Mr.,Earnest,X,Kirk,M,earnest.kirk@gmail.com
141086,Dr.,Bernardo,Q,Mcdowell,M,bernardo.mcdowell@gmail.com
633255,Hon.,Yvette,U,Warner,F,yvette.warner@yahoo.com
768457,Mr.,Robby,U,Jordan,M,robby.jordan@comcast.net
583282,Mrs.,Carolina,Y,Coleman,F,carolina.coleman@aol.com
421955,Ms.,Sonia,X,Cook,F,sonia.cook@gmail.com
556491,Prof.,Larry,C,Tran,M,larry.tran@gmail.com
701223,Ms.,Esmeralda,P,Grant,F,esmeralda.grant@yahoo.com
122005,Hon.,Candy,K,Singleton,F,candy.singleton@hotmail.com
461385,Mrs.,Emma,E,Obrien,F,emma.obrien@gmail.com
249180,Dr.,Scot,M,Beach,M,scot.beach@sbcglobal.net
634658,Mr.,Rolland,D,Mendoza,M,rolland.mendoza@yahoo.com
842752,Mrs.,Tommie,B,Sanchez,F,tommie.sanchez@gmail.com
513773,Prof.,Jessie,N,Cortez,M,jessie.cortez@exxonmobil.com
781472,Mr.,Isiah,T,Guthrie,M,isiah.guthrie@bellsouth.net
747200,Mrs.,Janelle,Q,Gill,F,janelle.gill@gmail.com
932425,Mr.,Christoper,Y,Haynes,M,christoper.haynes@yahoo.com
962851,Ms.,Kathie,E,Kirby,F,kathie.kirby@sbcglobal.net
168829,Ms.,Antonia,H,Kinney,F,antonia.kinney@gmail.com
603575,Ms.,Ophelia,V,Wagner,F,ophelia.wagner@ibm.com
419075,Mrs.,Hallie,G,Cervantes,F,hallie.cervantes@aol.com
224473,Ms.,Adriana,R,Mcfarland,F,adriana.mcfarland@outlook.com
552582,Hon.,Jana,L,Weiss,F,jana.weiss@gmail.com
724235,Mr.,Quentin,J,Benson,M,quentin.benson@gmail.com
908007,Mrs.,Debra,S,Pena,F,debra.pena@ibm.com
871610,Mr.,Kenton,I,Moreno,M,kenton.moreno@shell.com
491595,Prof.,Ian,O,Alvarado,M,ian.alvarado@aol.com
821474,Mr.,Jasper,F,Lucas,M,jasper.lucas@yahoo.co.in
206783,Hon.,Brock,X,Roberts,M,brock.roberts@yahoo.co.in
870463,Mr.,Salvador,S,Deleon,M,salvador.deleon@hotmail.com
809491,Mr.,Terence,U,Giles,M,terence.giles@yahoo.com
924427,Mr.,Dario,O,Townsend,M,dario.townsend@yahoo.com
505780,Drs.,Ester,Z,Houston,F,ester.houston@ibm.com
149904,Ms.,Leanne,R,Mcmahon,F,leanne.mcmahon@shaw.ca
886315,Dr.,Valentin,S,Montoya,M,valentin.montoya@aol.com
948512,Mr.,Jared,Q,Shepherd,M,jared.shepherd@ntlworld.com
780963,Mrs.,Jami,P,Cantrell,F,jami.cantrell@hotmail.com
282037,Mr.,Bruno,M,Whitney,M,bruno.whitney@sbcglobal.net
505758,Mr.,Garland,Q,Watkins,M,garland.watkins@apple.com
487100,Mr.,Augustus,E,Maldonado,M,augustus.maldonado@yahoo.com
974444,Prof.,Luther,F,Mcneil,M,luther.mcneil@aol.com
829416,Mr.,Jimmy,C,Molina,M,jimmy.molina@gmail.com
146825,Hon.,Morton,Q,Franklin,M,morton.franklin@cox.net
603179,Mr.,Andrew,V,Price,M,andrew.price@yahoo.co.uk
175035,Ms.,Ava,L,Romero,F,ava.romero@aol.com
358935,Ms.,Anastasia,Y,Bowen,F,anastasia.bowen@gmail.com
608832,Mrs.,Sabrina,O,Fowler,F,sabrina.fowler@outlook.com
509911,Ms.,Kirsten,Y,Lee,F,kirsten.lee@hotmail.com
354363,Ms.,Tabatha,W,Arnold,F,tabatha.arnold@gmail.com
344607,Mr.,Gregg,T,Mann,M,gregg.mann@verizon.net
191963,Ms.,Deanne,H,Mccarty,F,deanne.mccarty@charter.net
695631,Mrs.,Juanita,O,Zimmerman,F,juanita.zimmerman@hotmail.com
547420,Mr.,Doug,V,Small,M,doug.small@hotmail.com
403674,Dr.,Billy,R,Mcdowell,M,billy.mcdowell@gmail.com
988937,Dr.,Boyd,L,Valencia,M,boyd.valencia@gmail.com
937737,Mr.,Roberto,T,Caldwell,M,roberto.caldwell@gmail.com
144235,Mr.,Kris,U,Conner,M,kris.conner@gmail.com
866051,Ms.,Leann,R,Ortiz,F,leann.ortiz@gmail.com
287787,Mr.,Joaquin,B,Bentley,M,joaquin.bentley@gmail.com
316579,Mrs.,Leanne,Z,Potter,F,leanne.potter@exxonmobil.com
625981,Mr.,Jay,R,Sanders,M,jay.sanders@gmail.com
232661,Ms.,Luz,G,Brown,F,luz.brown@msn.com
863522,Mr.,Dudley,W,Preston,M,dudley.preston@gmail.com
118236,Mr.,Monroe,D,Beach,M,monroe.beach@bp.com
412201,Ms.,Dina,Q,Jones,F,dina.jones@aol.com
855988,Hon.,Christian,G,Morrison,M,christian.morrison@yahoo.co.in
158689,Ms.,Lucile,L,Fleming,F,lucile.fleming@hotmail.co.uk
737292,Mr.,Luciano,H,Ray,M,luciano.ray@btinternet.com
596917,Mr.,Ahmad,B,Poole,M,ahmad.poole@gmail.com
620634,Ms.,Janna,Y,Hopkins,F,janna.hopkins@aol.com
130591,Prof.,Kendrick,V,Miles,M,kendrick.miles@ibm.com
579618,Hon.,Demetrius,Z,Ruiz,M,demetrius.ruiz@gmail.com
240295,Mr.,Ken,P,Winters,M,ken.winters@rediffmail.com
846100,Mr.,Earl,O,Gilbert,M,earl.gilbert@bp.com
431841,Ms.,Taylor,K,Barlow,F,taylor.barlow@aol.com
520702,Ms.,Clarissa,Z,Lawson,F,clarissa.lawson@hotmail.com
771425,Mr.,Lewis,T,Fuller,M,lewis.fuller@comcast.net
189557,Mrs.,Claudine,Y,Black,F,claudine.black@gmail.com
702034,Mrs.,Mitzi,Y,Lynch,F,mitzi.lynch@aol.com
586207,Dr.,Michel,T,Finch,M,michel.finch@gmail.com
835545,Ms.,Janie,P,Velasquez,F,janie.velasquez@gmail.com
326407,Mrs.,Sophie,F,Bass,F,sophie.bass@hotmail.com
414967,Mrs.,Bette,Y,Kane,F,bette.kane@gmail.com
410300,Mrs.,Dena,Q,Blake,F,dena.blake@hotmail.com
252371,Mr.,Dante,Q,Farmer,M,dante.farmer@aol.com
297502,Ms.,Angelina,D,Lynn,F,angelina.lynn@rediffmail.com
725857,Ms.,Shannon,D,Snow,F,shannon.snow@yahoo.com
805103,Mr.,Ron,C,Glenn,M,ron.glenn@gmail.com
641096,Mrs.,Kerry,C,Pitts,F,kerry.pitts@aol.com
856369,Mr.,Dominick,M,Robbins,M,dominick.robbins@hotmail.com
318571,Prof.,Emory,N,Spence,M,emory.spence@yahoo.com
219020,Drs.,Lana,G,Spence,F,lana.spence@aol.com
934285,Mr.,Jeremy,G,English,M,jeremy.english@gmail.com
149763,Dr.,Dudley,N,Melton,M,dudley.melton@aol.com
363951,Drs.,Frances,D,Stafford,F,frances.stafford@ntlworld.com
306185,Mr.,Percy,N,Hunt,M,percy.hunt@btinternet.com
225090,Mr.,Alfredo,H,Vasquez,M,alfredo.vasquez@bp.com
287114,Ms.,Joanna,A,Perkins,F,joanna.perkins@aol.com
811489,Hon.,Susanna,R,Huff,F,susanna.huff@hotmail.com
162573,Hon.,Ola,T,Thompson,F,ola.thompson@yahoo.com
836699,Mrs.,Louella,F,Wolfe,F,louella.wolfe@charter.net
798859,Drs.,Deirdre,N,Travis,F,deirdre.travis@hotmail.com
458765,Ms.,Kristina,W,Ware,F,kristina.ware@gmail.com
562109,Mr.,Stacy,O,Dixon,M,stacy.dixon@aol.com
947334,Mr.,Frankie,Y,Clark,M,frankie.clark@apple.com
316995,Mrs.,Pauline,J,Gilbert,F,pauline.gilbert@yahoo.com
798671,Mr.,Adolph,L,Skinner,M,adolph.skinner@gmail.com
415004,Ms.,Rosa,P,Camacho,F,rosa.camacho@gmail.com
770810,Mr.,Craig,W,Marquez,M,craig.marquez@gmail.com
255640,Mr.,Stanley,T,Lowe,M,stanley.lowe@gmail.com
311079,Dr.,Morgan,C,Farrell,M,morgan.farrell@gmail.com
559421,Ms.,Reba,O,Potts,F,reba.potts@microsoft.com
959306,Ms.,Shana,O,Gould,F,shana.gould@gmail.com
713805,Mr.,Adam,I,Bartlett,M,adam.bartlett@aol.com
532285,Ms.,Leann,W,Melendez,F,leann.melendez@gmail.com
664249,Mr.,Floyd,B,Mills,M,floyd.mills@gmail.com
339483,Mr.,Scott,Q,Carrillo,M,scott.carrillo@sbcglobal.net
155956,Mr.,Sterling,K,Hooper,M,sterling.hooper@hotmail.com
791119,Mr.,Damon,T,Hunt,M,damon.hunt@gmail.com
798553,Prof.,Mauricio,A,Potts,M,mauricio.potts@yahoo.com
981925,Ms.,Ebony,B,Eaton,F,ebony.eaton@gmail.com
648118,Drs.,Bobbie,M,Joyner,F,bobbie.joyner@gmail.com
278391,Ms.,Jami,N,Velasquez,F,jami.velasquez@hotmail.com
556573,Ms.,Aisha,Z,Gentry,F,aisha.gentry@aol.com
159472,Hon.,Moses,P,Reid,M,moses.reid@apple.com
871770,Ms.,Monique,S,Deleon,F,monique.deleon@hotmail.com
338556,Mr.,Domingo,S,Gibbs,M,domingo.gibbs@hotmail.com
182719,Ms.,Tammy,D,Vincent,F,tammy.vincent@aol.com
305556,Mr.,Federico,J,Wilson,M,federico.wilson@yahoo.com
915507,Mr.,Kory,X,Roth,M,kory.roth@bp.com
761381,Ms.,Nichole,Z,Lloyd,F,nichole.lloyd@shell.com
141022,Mr.,Rodger,D,Chavez,M,rodger.chavez@outlook.com
528086,Mr.,Bruce,Z,Carney,M,bruce.carney@hotmail.com
177821,Mr.,Derick,N,Ferrell,M,derick.ferrell@yahoo.co.in
740281,Ms.,Lorna,W,Henson,F,lorna.henson@outlook.com
906797,Mr.,Rico,K,Mayo,M,rico.mayo@gmail.com
790008,Ms.,Luann,R,Crane,F,luann.crane@gmail.com
825433,Mrs.,Tara,H,Goodwin,F,tara.goodwin@shaw.ca
941759,Prof.,Shaun,J,Evans,M,shaun.evans@gmail.com
313864,Mrs.,Debbie,S,Velez,F,debbie.velez@aol.com
978745,Mrs.,May,R,Hodge,F,may.hodge@hotmail.com
807182,Mrs.,Adeline,R,Evans,F,adeline.evans@cox.net
463743,Mr.,Guy,C,Gilbert,M,guy.gilbert@gmail.com
901775,Ms.,Opal,X,Hansen,F,opal.hansen@hotmail.com
197867,Mrs.,Robbie,C,Oconnor,F,robbie.oconnor@bellsouth.net
423470,Mrs.,Ella,W,Craft,F,ella.craft@aol.com
238361,Prof.,Derrick,T,Vaughn,M,derrick.vaughn@ibm.com
596366,Mrs.,Maura,W,Cherry,F,maura.cherry@earthlink.net
725424,Dr.,Roderick,R,Vinson,M,roderick.vinson@hotmail.com
229037,Ms.,Gwen,T,Gilliam,F,gwen.gilliam@aol.com
434723,Mrs.,Melanie,L,Zimmerman,F,melanie.zimmerman@aol.com
501422,Mr.,Micah,Y,Merritt,M,micah.merritt@rediffmail.com
638943,Mr.,Buford,D,Hobbs,M,buford.hobbs@msn.com
935745,Mr.,Kyle,N,Farmer,M,kyle.farmer@gmail.com
750581,Ms.,Jocelyn,U,Rojas,F,jocelyn.rojas@earthlink.net
468128,Mr.,Larry,G,Gray,M,larry.gray@outlook.com
884877,Mr.,Wilbur,P,Bates,M,wilbur.bates@verizon.net
870904,Ms.,Maxine,F,Moran,F,maxine.moran@gmail.com
926224,Ms.,Kathleen,T,Middleton,F,kathleen.middleton@yahoo.com
220061,Prof.,Norbert,P,Joyner,M,norbert.joyner@gmail.com
125823,Mr.,Chadwick,G,Walton,M,chadwick.walton@earthlink.net
768943,Mrs.,Connie,O,Shaffer,F,connie.shaffer@walmart.com
591698,Ms.,Bobbie,C,Singleton,F,bobbie.singleton@yahoo.com
700418,Drs.,Lesley,K,Rollins,F,lesley.rollins@aol.com
476635,Ms.,Victoria,H,Howe,F,victoria.howe@gmail.com
785299,Mr.,Marc,F,Nixon,M,marc.nixon@gmail.com
225139,Prof.,Elias,A,Pena,M,elias.pena@hotmail.com
308125,Mrs.,Flossie,C,Mcpherson,F,flossie.mcpherson@gmail.com
129426,Drs.,Lana,E,Hayes,F,lana.hayes@hotmail.com
399192,Mr.,Nick,C,Wilcox,M,nick.wilcox@bellsouth.net
555551,Ms.,Nona,W,Buck,F,nona.buck@outlook.com
245059,Mr.,Abdul,K,Barnett,M,abdul.barnett@hotmail.com
423008,Drs.,Inez,C,Kane,F,inez.kane@ntlworld.com
316407,Drs.,Raquel,A,Bray,F,raquel.bray@hotmail.co.uk
410027,Mr.,Sean,F,Noble,M,sean.noble@cox.net
307715,Dr.,Fred,I,Woodward,M,fred.woodward@hotmail.com
690117,Mr.,Sylvester,Q,Salas,M,sylvester.salas@outlook.com
149844,Mrs.,Berta,P,Irwin,F,berta.irwin@gmail.com
116530,Drs.,Noelle,G,Paul,F,noelle.paul@yahoo.com
234429,Ms.,Chrystal,D,Swanson,F,chrystal.swanson@aol.com
437970,Hon.,Reggie,R,Nolan,M,reggie.nolan@gmail.com
766745,Hon.,Joanne,K,Melton,F,joanne.melton@verizon.net
684446,Mr.,Bryon,J,Gardner,M,bryon.gardner@aol.com
385932,Ms.,Noreen,M,Vincent,F,noreen.vincent@yahoo.com
862150,Hon.,Mathew,S,Duran,M,mathew.duran@aol.com
635915,Ms.,Herminia,I,Morin,F,herminia.morin@yahoo.com
540696,Dr.,Luke,Y,Craft,M,luke.craft@apple.com
870351,Mr.,Ronny,C,Long,M,ronny.long@microsoft.com
360498,Ms.,Jeannine,E,Vaughn,F,jeannine.vaughn@aol.com
397164,Mrs.,Silvia,F,Huff,F,silvia.huff@gmail.com
488068,Mrs.,Margo,K,Hoffman,F,margo.hoffman@gmail.com
890432,Mrs.,Kimberly,K,Summers,F,kimberly.summers@msn.com
935890,Hon.,Jodie,I,Mckinney,F,jodie.mckinney@bp.com
541867,Ms.,Lorrie,V,Leblanc,F,lorrie.leblanc@gmail.com
885774,Dr.,Miles,Q,Giles,M,miles.giles@yahoo.com
979649,Mr.,Jamar,Q,Castaneda,M,jamar.castaneda@yahoo.com
599012,Mrs.,Amber,Z,Warner,F,amber.warner@hotmail.com
204626,Prof.,Sterling,X,Patel,M,sterling.patel@aol.com
830006,Ms.,Enid,M,Pearson,F,enid.pearson@cox.net
127205,Mrs.,Annmarie,C,Frye,F,annmarie.frye@charter.net
215589,Ms.,Molly,X,Roach,F,molly.roach@gmail.com
621606,Mr.,Rogelio,P,Poole,M,rogelio.poole@exxonmobil.com
223379,Dr.,Mathew,P,Duke,M,mathew.duke@rediffmail.com
236366,Mr.,Lewis,Q,Ayala,M,lewis.ayala@gmail.com
798043,Ms.,Claudette,B,Walter,F,claudette.walter@outlook.com
811092,Ms.,Tracie,B,Delaney,F,tracie.delaney@hotmail.com
288820,Mr.,Eric,N,Mccullough,M,eric.mccullough@gmail.com
138351,Mr.,Nestor,J,Carney,M,nestor.carney@gmail.com
130501,Drs.,Mitzi,P,Mueller,F,mitzi.mueller@hotmail.com
587373,Drs.,Lillian,J,Atkinson,F,lillian.atkinson@aol.com
750124,Mr.,Barry,A,Garner,M,barry.garner@gmail.com
495105,Mrs.,Coleen,V,Morris,F,coleen.morris@gmail.com
282678,Hon.,Marci,O,Alvarado,F,marci.alvarado@gmail.com
241302,Mr.,Monty,R,Lancaster,M,monty.lancaster@walmart.com
790290,Mr.,Norris,R,Adams,M,norris.adams@yahoo.com
924304,Mrs.,Elvira,D,Byrd,F,elvira.byrd@gmail.com
234880,Mr.,Keven,E,Logan,M,keven.logan@gmail.com
443072,Mr.,Rosendo,R,Rasmussen,M,rosendo.rasmussen@earthlink.net
232070,Mrs.,Carly,R,Leach,F,carly.leach@cox.net
902132,Mrs.,Colleen,N,Bray,F,colleen.bray@hotmail.com
280781,Mrs.,Ollie,G,William,F,ollie.william@verizon.net
589440,Prof.,Hilario,B,Vang,M,hilario.vang@gmail.com
940754,Ms.,Nadine,X,Blanchard,F,nadine.blanchard@exxonmobil.com
888277,Prof.,Wm,C,Carroll,M,wm.carroll@gmail.com
430202,Ms.,Minnie,B,Mckee,F,minnie.mckee@gmail.com
928723,Mrs.,Angela,M,Compton,F,angela.compton@gmail.com
449164,Drs.,Lillian,H,Gill,F,lillian.gill@gmail.com
117603,Mr.,Bob,W,Weiss,M,bob.weiss@hotmail.com
811884,Mr.,Edwin,A,Perez,M,edwin.perez@gmail.com
463579,Mr.,Bernardo,W,Langley,M,bernardo.langley@hotmail.com
915993,Prof.,William,K,Morrison,M,william.morrison@gmail.com
836259,Dr.,Vance,A,Osborne,M,vance.osborne@shaw.ca
520719,Prof.,Edmund,E,Salas,M,edmund.salas@aol.com
409341,Mrs.,Imogene,O,Sanders,F,imogene.sanders@yahoo.com
528576,Mr.,Darin,F,Callahan,M,darin.callahan@gmail.com
315565,Mrs.,Loretta,M,Sawyer,F,loretta.sawyer@hotmail.com
242740,Ms.,Olive,L,Livingston,F,olive.livingston@charter.net
763459,Mr.,Gino,A,Mcconnell,M,gino.mcconnell@aol.com
239010,Mr.,Fred,E,Hayes,M,fred.hayes@yahoo.com
865905,Mr.,Nelson,O,Wilkins,M,nelson.wilkins@earthlink.net
657908,Mrs.,Joyce,K,Hooper,F,joyce.hooper@hotmail.com
652723,Mrs.,Juliana,W,Rowland,F,juliana.rowland@aol.com
944699,Mr.,Norris,S,Mack,M,norris.mack@yahoo.co.in
517283,Prof.,Tom,B,Frye,M,tom.frye@gmail.com
176214,Mrs.,Josephine,G,Pitts,F,josephine.pitts@hotmail.com
680485,Mr.,Les,W,Brady,M,les.brady@gmail.com
891142,Hon.,Jaime,M,Avery,M,jaime.avery@aol.com
810984,Mrs.,Marissa,L,Caldwell,F,marissa.caldwell@aol.com
896022,Mr.,Lavern,X,Gardner,M,lavern.gardner@aol.com
162773,Drs.,Evangeline,K,Mejia,F,evangeline.mejia@gmail.com
408036,Ms.,Brandy,O,Carr,F,brandy.carr@btinternet.com
591248,Mrs.,Molly,O,Manning,F,molly.manning@hotmail.com
562393,Mr.,Gale,R,Perez,M,gale.perez@rediffmail.com
808843,Mr.,Merlin,Z,Yates,M,merlin.yates@yahoo.co.uk
645393,Prof.,Nelson,H,Mooney,M,nelson.mooney@yahoo.com
685818,Mr.,Jackson,E,Bass,M,jackson.bass@gmail.com
747647,Ms.,Trisha,U,Mueller,F,trisha.mueller@bp.com
846178,Ms.,Lilia,I,Collins,F,lilia.collins@yahoo.com
754091,Mrs.,Kimberly,R,Cantu,F,kimberly.cantu@yahoo.com
808727,Prof.,Luciano,B,Jordan,M,luciano.jordan@aol.com
143029,Mr.,Danny,H,Robbins,M,danny.robbins@hotmail.com
923271,Mr.,Wilfredo,J,Richards,M,wilfredo.richards@gmail.com
621988,Ms.,Callie,Y,Snider,F,callie.snider@yahoo.com
240842,Mrs.,Rachelle,J,Reed,F,rachelle.reed@yahoo.co.uk
517038,Ms.,Bobbi,M,Olson,F,bobbi.olson@hotmail.com
456842,Mrs.,Kris,S,Richards,F,kris.richards@aol.com
276700,Drs.,Marissa,J,Meyer,F,marissa.meyer@rediffmail.com
510431,Mr.,Jamar,Z,Reese,M,jamar.reese@hotmail.co.uk
451543,Ms.,Nelda,E,Webster,F,nelda.webster@gmail.com
423508,Ms.,Carolina,F,Bruce,F,carolina.bruce@aol.com
399486,Ms.,Terri,K,Phelps,F,terri.phelps@microsoft.com
295933,Mr.,Nestor,L,Rosales,M,nestor.rosales@aol.com
855670,Drs.,Adrian,L,Robles,F,adrian.robles@gmail.com
151449,Hon.,Kyle,Y,Rios,M,kyle.rios@yahoo.co.uk
394700,Mr.,Domingo,Y,Wilkinson,M,domingo.wilkinson@outlook.com
328740,Mr.,Leonardo,T,Bird,M,leonardo.bird@bp.com
924134,Dr.,Hubert,P,Zimmerman,M,hubert.zimmerman@gmail.com
556518,Mr.,Kory,G,Frank,M,kory.frank@yahoo.co.in
237003,Ms.,Tami,Z,Hayes,F,tami.hayes@gmail.com
518193,Drs.,Amanda,Y,Carr,F,amanda.carr@gmail.com
540019,Mr.,Stephen,J,Bauer,M,stephen.bauer@sbcglobal.net
489463,Mr.,Johnie,G,Carney,M,johnie.carney@yahoo.com
763039,Ms.,Rebekah,J,Hull,F,rebekah.hull@earthlink.net
854365,Ms.,Kelly,G,Spence,F,kelly.spence@yahoo.co.uk
233110,Hon.,Tracie,K,Estes,F,tracie.estes@hotmail.com
416483,Mr.,Bennett,H,Le,M,bennett.le@gmail.com
629763,Hon.,Vernon,V,Bass,M,vernon.bass@aol.com
755278,Mr.,Theron,E,Sweet,M,theron.sweet@gmail.com
471560,Mr.,Ernie,Y,Holden,M,ernie.holden@yahoo.com
988676,Mr.,Shawn,C,Rasmussen,M,shawn.rasmussen@gmail.com
606109,Mr.,Enrique,M,Adams,M,enrique.adams@rediffmail.com
414129,Mr.,Ernie,H,Aguilar,M,ernie.aguilar@aol.com
286890,Mrs.,Carolyn,S,Donaldson,F,carolyn.donaldson@gmail.com
944811,Mrs.,Margie,S,Deleon,F,margie.deleon@sbcglobal.net
975770,Mr.,Keven,F,Collins,M,keven.collins@gmail.com
590955,Mr.,Bruce,Q,Colon,M,bruce.colon@microsoft.com
565658,Mrs.,Kristen,F,Lott,F,kristen.lott@msn.com
569664,Mr.,Howard,X,Dodson,M,howard.dodson@gmail.com
939970,Mr.,Merle,R,Britt,M,merle.britt@aol.com
848744,Dr.,Hector,D,Bradley,M,hector.bradley@yahoo.com
452230,Mr.,Darnell,D,Spencer,M,darnell.spencer@aol.com
930129,Ms.,Janelle,Z,William,F,janelle.william@hotmail.com
909139,Ms.,Eula,H,Atkinson,F,eula.atkinson@hotmail.com
678436,Hon.,Theresa,M,Bender,F,theresa.bender@gmail.com
196011,Ms.,Kimberley,C,Jacobson,F,kimberley.jacobson@gmail.com
666886,Mrs.,Angelita,J,Reyes,F,angelita.reyes@shaw.ca
572348,Ms.,Selma,L,Floyd,F,selma.floyd@hotmail.com
846144,Mrs.,Edna,B,Paul,F,edna.paul@yahoo.com
665326,Dr.,Dewayne,N,Sheppard,M,dewayne.sheppard@gmail.com
119399,Prof.,Gale,C,Rodriquez,M,gale.rodriquez@ibm.com
744539,Mrs.,Cora,J,Blackburn,F,cora.blackburn@gmail.com
518154,Drs.,Annmarie,D,Roth,F,annmarie.roth@outlook.com
416872,Mr.,Owen,Y,Lopez,M,owen.lopez@hotmail.co.uk
339806,Ms.,Chrystal,Z,Pittman,F,chrystal.pittman@gmail.com
991522,Hon.,Thurman,R,Daniel,M,thurman.daniel@gmail.com
830373,Mr.,Darnell,Q,Hoffman,M,darnell.hoffman@rediffmail.com
987377,Hon.,Raymundo,J,Sims,M,raymundo.sims@aol.com
551251,Mr.,Frederick,H,Graham,M,frederick.graham@aol.com
143864,Ms.,Natalie,P,Marshall,F,natalie.marshall@outlook.com
679990,Mr.,Thad,R,Franklin,M,thad.franklin@charter.net
851939,Drs.,Belinda,Y,Trujillo,F,belinda.trujillo@btinternet.com
272885,Ms.,Rosanna,P,Chase,F,rosanna.chase@yahoo.com
588553,Ms.,Wilda,I,Rios,F,wilda.rios@yahoo.com
739367,Drs.,Alyssa,P,Marquez,F,alyssa.marquez@gmail.com
271247,Mrs.,Liz,E,Barry,F,liz.barry@gmail.com
778200,Mr.,Mariano,D,Lloyd,M,mariano.lloyd@aol.com
338449,Prof.,Forest,L,Moss,M,forest.moss@yahoo.com
581042,Mr.,Gino,K,Sullivan,M,gino.sullivan@exxonmobil.com
138800,Prof.,Jarred,T,Bernard,M,jarred.bernard@hotmail.com
553362,Mr.,Preston,X,Floyd,M,preston.floyd@bellsouth.net
435055,Mr.,Clinton,W,Farley,M,clinton.farley@sbcglobal.net
469392,Mrs.,Dana,A,Hill,F,dana.hill@gmail.com
161467,Mr.,Odell,G,Bryan,M,odell.bryan@yahoo.co.in
755543,Drs.,Tameka,N,Atkinson,F,tameka.atkinson@hotmail.com
129077,Mr.,Dominique,Z,Moreno,M,dominique.moreno@aol.com
707856,Mr.,Abraham,H,Mayo,M,abraham.mayo@ibm.com
817818,Mr.,Augustus,V,Hines,M,augustus.hines@yahoo.com
226811,Hon.,Rene,X,Burks,M,rene.burks@rediffmail.com
283199,Mr.,Christian,V,Acevedo,M,christian.acevedo@outlook.com
319493,Mr.,Major,X,Lucas,M,major.lucas@gmail.com
205347,Ms.,Frieda,Z,Hebert,F,frieda.hebert@ntlworld.com
508019,Ms.,Rachael,S,Newman,F,rachael.newman@gmail.com
774862,Ms.,Bernadine,S,Joseph,F,bernadine.joseph@gmail.com
394200,Mrs.,Deanna,P,Mccoy,F,deanna.mccoy@yahoo.com
887692,Mr.,Joseph,B,Tucker,M,joseph.tucker@bp.com
408248,Hon.,Antwan,L,Richardson,M,antwan.richardson@hotmail.com
787931,Hon.,Harrison,D,Ortega,M,harrison.ortega@exxonmobil.com
547050,Mr.,Dylan,T,Cantu,M,dylan.cantu@aol.com
964084,Mr.,Winston,J,Hewitt,M,winston.hewitt@bp.com
574256,Mrs.,Serena,F,Marshall,F,serena.marshall@yahoo.com
215473,Ms.,Maryann,V,Vance,F,maryann.vance@sbcglobal.net
932175,Ms.,Roxie,E,Mckay,F,roxie.mckay@gmail.com
472119,Dr.,Sonny,F,Morin,M,sonny.morin@gmail.com
282137,Mr.,Eduardo,Q,Burnett,M,eduardo.burnett@gmail.com
395867,Mrs.,Marietta,X,Watson,F,marietta.watson@gmail.com
923329,Ms.,Nettie,A,Preston,F,nettie.preston@gmail.com
901654,Mr.,Sandy,P,Gillespie,M,sandy.gillespie@yahoo.com
673438,Dr.,Christopher,Z,Peters,M,christopher.peters@exxonmobil.com
626693,Ms.,Felicia,S,Gilmore,F,felicia.gilmore@gmail.com
683325,Dr.,Tyler,E,Mercado,M,tyler.mercado@gmail.com
486465,Ms.,Arline,N,Campbell,F,arline.campbell@gmail.com
213493,Mrs.,Margo,N,Daniels,F,margo.daniels@gmail.com
234177,Dr.,Kareem,O,Jimenez,M,kareem.jimenez@gmail.com
289041,Mrs.,Nanette,P,Lee,F,nanette.lee@aol.com
384810,Drs.,Myra,L,Franco,F,myra.franco@hotmail.com
149750,Mr.,Luther,D,Harrell,M,luther.harrell@hotmail.com
864858,Mr.,Ramon,S,Campbell,M,ramon.campbell@walmart.com
856418,Mrs.,Sallie,J,Huffman,F,sallie.huffman@walmart.com
415537,Hon.,Shirley,Z,Herrera,F,shirley.herrera@gmail.com
414557,Dr.,Corey,J,Harrell,M,corey.harrell@yahoo.com
999475,Ms.,Carrie,T,Keller,F,carrie.keller@gmail.com
554345,Ms.,Ofelia,J,Rivers,F,ofelia.rivers@gmail.com
349751,Mr.,Shelton,V,Harrison,M,shelton.harrison@yahoo.com
194598,Ms.,Carlene,I,Bernard,F,carlene.bernard@aol.com
466860,Ms.,Earline,G,Cherry,F,earline.cherry@bp.com
618554,Mrs.,Kitty,U,Mathis,F,kitty.mathis@gmail.com
535812,Mrs.,Lavonne,B,Carney,F,lavonne.carney@bp.com
500345,Mrs.,Reyna,J,Marks,F,reyna.marks@hotmail.com
735598,Hon.,Preston,M,Perez,M,preston.perez@yahoo.com
921061,Mr.,Isaac,P,Cochran,M,isaac.cochran@charter.net
968785,Mr.,Noe,K,Clay,M,noe.clay@bellsouth.net
735499,Ms.,Callie,J,Cohen,F,callie.cohen@aol.com
983480,Mr.,Elliott,P,Marks,M,elliott.marks@aol.com
206279,Ms.,Georgina,F,Lamb,F,georgina.lamb@gmail.com
582100,Mr.,Frances,D,May,M,frances.may@rediffmail.com
821988,Mr.,Marc,Y,Hurley,M,marc.hurley@gmail.com
611384,Mr.,Nathaniel,V,Bates,M,nathaniel.bates@exxonmobil.com
993792,Mr.,Colby,O,Holder,M,colby.holder@walmart.com
316999,Mrs.,Dee,W,Love,F,dee.love@ibm.com
880526,Hon.,Willie,M,Gibson,M,willie.gibson@gmail.com
201612,Drs.,Alison,G,Walsh,F,alison.walsh@btinternet.com
481137,Ms.,Gena,L,Holman,F,gena.holman@ntlworld.com
191985,Ms.,Tammy,X,Casey,F,tammy.casey@gmail.com
244500,Ms.,Shirley,L,Waller,F,shirley.waller@walmart.com
920668,Mrs.,Joanna,L,Poole,F,joanna.poole@bellsouth.net
335470,Mrs.,Amber,Z,Mendoza,F,amber.mendoza@gmail.com
150036,Mrs.,Lourdes,O,Hull,F,lourdes.hull@hotmail.com
251640,Mrs.,Kim,D,England,F,kim.england@gmail.com
588702,Ms.,Haley,O,Maddox,F,haley.maddox@gmail.com
707453,Mr.,Rory,F,Atkins,M,rory.atkins@gmail.com
239168,Drs.,Kathrine,Z,Whitaker,F,kathrine.whitaker@yahoo.com
146790,Hon.,Lou,M,Buckner,F,lou.buckner@gmail.com
637843,Ms.,Karla,W,Barrera,F,karla.barrera@gmail.com
689587,Ms.,Ava,M,Kane,F,ava.kane@aol.com
126316,Mrs.,Roseann,A,Riley,F,roseann.riley@aol.com
318026,Ms.,Elizabeth,H,Fernandez,F,elizabeth.fernandez@gmail.com
848311,Mrs.,Flora,B,Decker,F,flora.decker@aol.com
774548,Ms.,Shannon,I,Parker,F,shannon.parker@yahoo.com
611233,Ms.,James,K,Cain,F,james.cain@gmail.com
421652,Mr.,Craig,N,Roberts,M,craig.roberts@yahoo.co.uk
528969,Hon.,Celina,H,Huffman,F,celina.huffman@aol.com
202408,Ms.,Jimmie,F,Burnett,F,jimmie.burnett@microsoft.com
918148,Mrs.,Faye,J,Barrett,F,faye.barrett@sbcglobal.net
396091,Ms.,Gena,A,Bradley,F,gena.bradley@gmail.com
808996,Mr.,Deandre,C,Good,M,deandre.good@aol.com
752301,Mr.,Garland,H,Ayers,M,garland.ayers@ibm.com
654102,Mr.,Jerrod,C,Bell,M,jerrod.bell@yahoo.com
809104,Mr.,Alexis,I,Holland,M,alexis.holland@aol.com
929548,Mrs.,Deidre,V,Barrett,F,deidre.barrett@yahoo.com
978535,Mr.,Fred,G,Hoffman,M,fred.hoffman@microsoft.com
211729,Mrs.,Effie,X,Santana,F,effie.santana@yahoo.com
760573,Hon.,Juliette,Y,Mosley,F,juliette.mosley@hotmail.com
979873,Ms.,Susan,E,Schwartz,F,susan.schwartz@gmail.com
446702,Mr.,Richie,V,Downs,M,richie.downs@cox.net
505362,Mr.,Winston,I,Griffin,M,winston.griffin@gmail.com
451940,Mr.,Sammy,N,Mills,M,sammy.mills@yahoo.com
411196,Ms.,Gracie,C,Mosley,F,gracie.mosley@yahoo.co.uk
636457,Mr.,Manuel,D,Bentley,M,manuel.bentley@yahoo.com
262702,Mr.,Roberto,O,Hogan,M,roberto.hogan@aol.com
422323,Mrs.,Wilma,U,Gray,F,wilma.gray@gmail.com
328389,Mr.,Roderick,T,Perry,M,roderick.perry@gmail.com
733184,Hon.,Mayra,L,Bowen,F,mayra.bowen@gmail.com
649821,Mr.,Andres,G,Alexander,M,andres.alexander@yahoo.com
117956,Mr.,Quentin,B,Carney,M,quentin.carney@gmail.com
670526,Mrs.,Adrian,W,Dunlap,F,adrian.dunlap@hotmail.com
752997,Hon.,Lelia,H,Sawyer,F,lelia.sawyer@gmail.com
340599,Mr.,Tad,K,Patrick,M,tad.patrick@yahoo.co.in
239415,Mrs.,Pansy,V,Macdonald,F,pansy.macdonald@gmail.com
280326,Mr.,Agustin,J,Gentry,M,agustin.gentry@aol.com
445516,Mr.,Riley,R,Conley,M,riley.conley@gmail.com
586177,Mr.,Bernard,N,Leach,M,bernard.leach@sbcglobal.net
866614,Hon.,Lonnie,S,Gonzales,M,lonnie.gonzales@aol.com
751376,Mr.,Courtney,G,Barnes,M,courtney.barnes@ntlworld.com
196645,Mrs.,Eliza,R,Odonnell,F,eliza.odonnell@msn.com
728839,Mr.,Jody,D,Mejia,M,jody.mejia@verizon.net
694921,Ms.,Pam,L,Stuart,F,pam.stuart@gmail.com
719798,Mr.,Trevor,M,Romero,M,trevor.romero@gmail.com
375797,Ms.,Tamara,Z,Perez,F,tamara.perez@aol.com
160350,Ms.,Bonita,N,Dixon,F,bonita.dixon@gmail.com
937931,Mr.,Raphael,O,Durham,M,raphael.durham@bp.com
155916,Mrs.,Rosanne,M,Mendoza,F,rosanne.mendoza@shell.com
905335,Ms.,Ola,E,Hays,F,ola.hays@exxonmobil.com
502509,Ms.,Genevieve,P,Finley,F,genevieve.finley@charter.net
563580,Mr.,Lamont,Q,Albert,M,lamont.albert@yahoo.com
433698,Ms.,Margie,R,Vincent,F,margie.vincent@ibm.com
163351,Mr.,Terrell,V,Sears,M,terrell.sears@yahoo.co.uk
898816,Ms.,Edna,E,Riddle,F,edna.riddle@walmart.com
641368,Mr.,Lindsey,O,Griffin,M,lindsey.griffin@gmail.com
177982,Ms.,Lorrie,G,Sears,F,lorrie.sears@gmail.com
330889,Prof.,Denver,C,Mays,M,denver.mays@charter.net
639474,Ms.,Daisy,I,Giles,F,daisy.giles@yahoo.ca
911800,Ms.,Esperanza,I,Wade,F,esperanza.wade@gmail.com
222807,Drs.,Janice,J,Berg,F,janice.berg@gmail.com
516945,Mrs.,Helene,M,Gallegos,F,helene.gallegos@gmail.com
230829,Hon.,Rosario,F,Tyson,F,rosario.tyson@gmail.com
133610,Hon.,Teresa,X,Bowen,F,teresa.bowen@ibm.com
791967,Mrs.,Janna,J,Joseph,F,janna.joseph@gmail.com
772354,Ms.,Erika,U,Myers,F,erika.myers@gmail.com
909265,Mr.,Mohamed,X,Fitzgerald,M,mohamed.fitzgerald@aol.com
208763,Hon.,Mohammad,F,Downs,M,mohammad.downs@gmail.com
679572,Mr.,Felipe,I,Vance,M,felipe.vance@gmail.com
992569,Dr.,Rusty,K,Moran,M,rusty.moran@aol.com
821754,Mrs.,Kirsten,T,Wolf,F,kirsten.wolf@aol.com
751897,Mrs.,Mercedes,T,Glass,F,mercedes.glass@ntlworld.com
208375,Ms.,Kenya,A,Merrill,F,kenya.merrill@apple.com
931551,Mr.,Laurence,Y,Camacho,M,laurence.camacho@gmail.com
317525,Ms.,Shirley,Q,Potter,F,shirley.potter@yahoo.ca
993099,Mr.,Ricky,Z,Snider,M,ricky.snider@gmail.com
854776,Hon.,Jerry,X,Jacobs,F,jerry.jacobs@gmail.com
437878,Ms.,Melva,U,Payne,F,melva.payne@bellsouth.net
350842,Mr.,Josef,V,Lamb,M,josef.lamb@gmail.com
125134,Mrs.,Ellen,L,Bird,F,ellen.bird@sbcglobal.net
651597,Ms.,Lydia,M,Lindsey,F,lydia.lindsey@comcast.net
801970,Ms.,Becky,H,Bolton,F,becky.bolton@gmail.com
217117,Drs.,Edna,X,Petersen,F,edna.petersen@gmail.com
539548,Hon.,Yong,V,Poole,M,yong.poole@sbcglobal.net
479754,Drs.,Shannon,V,Singleton,F,shannon.singleton@yahoo.co.in
992197,Mr.,Benny,Y,Smith,M,benny.smith@gmail.com
844571,Hon.,Rhea,X,Faulkner,F,rhea.faulkner@charter.net
618339,Mr.,Tracy,G,Sparks,M,tracy.sparks@hotmail.co.uk
804360,Mr.,Wilburn,O,Atkins,M,wilburn.atkins@btinternet.com
335435,Mr.,Frank,Y,Larson,M,frank.larson@charter.net
308129,Mr.,Barton,U,Mullen,M,barton.mullen@apple.com
192292,Dr.,Max,D,Barrera,M,max.barrera@shell.com
410844,Mr.,Eliseo,Q,Wilkerson,M,eliseo.wilkerson@hotmail.com
530958,Mrs.,Lynne,Y,Vinson,F,lynne.vinson@hotmail.com
232194,Ms.,Maude,F,Jackson,F,maude.jackson@sbcglobal.net
888196,Mrs.,Kathryn,U,Sargent,F,kathryn.sargent@aol.com
696612,Hon.,Dan,A,William,M,dan.william@gmail.com
775434,Ms.,Tanisha,A,Lester,F,tanisha.lester@ibm.com
860093,Mrs.,Kitty,L,Clay,F,kitty.clay@yahoo.ca
476072,Hon.,Kent,U,Jackson,M,kent.jackson@exxonmobil.com
407160,Ms.,Ashlee,A,Gardner,F,ashlee.gardner@gmail.com
221262,Hon.,Felecia,B,Sparks,F,felecia.sparks@gmail.com
790187,Mr.,Horace,N,Rasmussen,M,horace.rasmussen@gmail.com
771945,Mr.,Rickie,J,Gilmore,M,rickie.gilmore@gmail.com
372188,Ms.,Maria,F,Chavez,F,maria.chavez@gmail.com
657125,Mrs.,Michael,C,West,F,michael.west@aol.com
489761,Ms.,Paula,T,Pacheco,F,paula.pacheco@rediffmail.com
651738,Mr.,Rick,V,Sawyer,M,rick.sawyer@earthlink.net
463929,Mr.,Ramiro,N,Rojas,M,ramiro.rojas@ntlworld.com
521878,Dr.,Benny,G,Stephenson,M,benny.stephenson@apple.com
697802,Ms.,Beryl,K,Nelson,F,beryl.nelson@gmail.com
842936,Ms.,Bernice,T,Conrad,F,bernice.conrad@aol.com
333260,Mr.,Bud,M,Knowles,M,bud.knowles@hotmail.com
696218,Mrs.,Anita,Q,Pratt,F,anita.pratt@gmail.com
161109,Hon.,Kareem,R,Fuentes,M,kareem.fuentes@hotmail.com
938475,Mr.,Curtis,V,Hoover,M,curtis.hoover@gmail.com
368041,Ms.,Tamika,W,Rosa,F,tamika.rosa@walmart.com
738794,Mr.,Carmelo,S,Scott,M,carmelo.scott@yahoo.co.uk
703738,Drs.,Rebecca,W,Moon,F,rebecca.moon@rediffmail.com
188409,Ms.,Pearlie,M,Bryant,F,pearlie.bryant@gmail.com
206997,Mr.,Donovan,P,Russo,M,donovan.russo@hotmail.com
677871,Mr.,Robt,R,Ramsey,M,robt.ramsey@comcast.net
963113,Mrs.,Lacy,V,Rowe,F,lacy.rowe@gmail.com
291577,Mrs.,Rosemary,K,Vaughn,F,rosemary.vaughn@aol.com
142501,Dr.,Lon,R,Martin,M,lon.martin@hotmail.co.uk
358556,Ms.,Grace,H,Dejesus,F,grace.dejesus@yahoo.co.uk
126137,Dr.,Felix,S,Haynes,M,felix.haynes@aol.com
409492,Drs.,Beatriz,L,Pugh,F,beatriz.pugh@aol.com
967793,Ms.,Louisa,N,Wallace,F,louisa.wallace@shaw.ca
790017,Prof.,Aubrey,A,Myers,M,aubrey.myers@hotmail.com
998638,Ms.,Reyna,Y,Mccoy,F,reyna.mccoy@hotmail.com
402452,Dr.,Rusty,U,Fletcher,M,rusty.fletcher@gmail.com
490868,Prof.,Houston,R,Morris,M,houston.morris@verizon.net
381597,Hon.,Edwardo,C,Stone,M,edwardo.stone@gmail.com
852587,Prof.,Clifton,H,Langley,M,clifton.langley@verizon.net
732315,Drs.,Amparo,I,Campos,F,amparo.campos@gmail.com
937260,Mrs.,Martha,O,Schmidt,F,martha.schmidt@aol.com
290034,Mrs.,Charmaine,D,Hawkins,F,charmaine.hawkins@yahoo.com
273325,Ms.,Jayne,L,Thomas,F,jayne.thomas@hotmail.com
809726,Dr.,Bryce,I,Cox,M,bryce.cox@gmail.com
575035,Mrs.,Beatrice,M,Lawson,F,beatrice.lawson@hotmail.com
211129,Mr.,Alphonse,X,Torres,M,alphonse.torres@btinternet.com
673451,Drs.,Rae,R,Peck,F,rae.peck@gmail.com
230226,Ms.,Dona,F,Maxwell,F,dona.maxwell@gmail.com
673126,Dr.,David,D,Meyer,M,david.meyer@shaw.ca
615857,Drs.,Clara,H,Harrington,F,clara.harrington@gmail.com
251151,Dr.,Harlan,V,Vaughan,M,harlan.vaughan@bp.com
232585,Ms.,Wanda,X,Lester,F,wanda.lester@gmail.com
237448,Drs.,Keri,Y,Buchanan,F,keri.buchanan@hotmail.co.uk
764254,Mr.,Wilfred,R,Charles,M,wilfred.charles@btinternet.com
837427,Mr.,Lynn,M,Howe,M,lynn.howe@gmail.com
934912,Hon.,Faye,Y,Mercer,F,faye.mercer@yahoo.com
747004,Mr.,Bennie,D,Melendez,M,bennie.melendez@yahoo.com
497086,Mr.,Scotty,H,Ellis,M,scotty.ellis@hotmail.com
743314,Mr.,Grady,J,Herman,M,grady.herman@yahoo.ca
570767,Mrs.,Eula,L,Aguirre,F,eula.aguirre@exxonmobil.com
445556,Ms.,Nita,Q,Adams,F,nita.adams@hotmail.com
471961,Dr.,Zachery,D,Harvey,M,zachery.harvey@walmart.com
273769,Dr.,Scot,C,Faulkner,M,scot.faulkner@bp.com
280832,Mrs.,Mia,S,Joseph,F,mia.joseph@hotmail.co.uk
411066,Mr.,Hung,M,Herman,M,hung.herman@gmail.com
843879,Ms.,Genevieve,V,Bradshaw,F,genevieve.bradshaw@gmail.com
352677,Mr.,Alec,G,Brown,M,alec.brown@cox.net
237902,Mr.,Pasquale,N,Knight,M,pasquale.knight@yahoo.co.uk
180696,Mrs.,Sheri,L,Whitley,F,sheri.whitley@bp.com
168016,Prof.,Mauro,D,Marshall,M,mauro.marshall@gmail.com
481176,Ms.,Cristina,K,Grimes,F,cristina.grimes@yahoo.com
438561,Mr.,Raul,M,Frost,M,raul.frost@hotmail.com
709146,Hon.,Amparo,R,Dixon,F,amparo.dixon@charter.net
746945,Mr.,Efrain,D,Carney,M,efrain.carney@yahoo.com
473773,Mr.,Stacey,O,Workman,M,stacey.workman@gmail.com
828174,Dr.,Leon,T,Mcgowan,M,leon.mcgowan@hotmail.com
438094,Mrs.,Vonda,Z,Johns,F,vonda.johns@aol.com
866744,Dr.,Jorge,H,Wright,M,jorge.wright@cox.net
638900,Drs.,Brandy,B,Bean,F,brandy.bean@ntlworld.com
759226,Ms.,Lakeisha,S,Bowman,F,lakeisha.bowman@hotmail.com
476750,Drs.,Ernestine,C,Lambert,F,ernestine.lambert@msn.com
588664,Mr.,Julius,H,Gardner,M,julius.gardner@btinternet.com
403910,Ms.,Naomi,I,Jacobs,F,naomi.jacobs@hotmail.com
449655,Mr.,Sydney,I,Frederick,M,sydney.frederick@bellsouth.net
226863,Mr.,Clifton,E,Tyson,M,clifton.tyson@gmail.com
651910,Mrs.,Consuelo,J,Hamilton,F,consuelo.hamilton@gmail.com
717861,Mr.,Aldo,E,Jarvis,M,aldo.jarvis@aol.com
885624,Mrs.,Deidre,M,Anthony,F,deidre.anthony@yahoo.co.uk
341048,Ms.,Maura,T,Delaney,F,maura.delaney@yahoo.com
709748,Hon.,Claudine,X,Landry,F,claudine.landry@cox.net
454287,Drs.,Silvia,H,Ortega,F,silvia.ortega@hotmail.com
390973,Ms.,Gilda,N,Dillon,F,gilda.dillon@msn.com
570009,Drs.,Mai,R,Jennings,F,mai.jennings@gmail.com
454506,Drs.,Cecilia,Y,Dawson,F,cecilia.dawson@yahoo.com
147313,Mr.,Wilburn,U,Rowe,M,wilburn.rowe@yahoo.com
307771,Mr.,Delbert,I,Cooley,M,delbert.cooley@shell.com
498653,Dr.,Vincent,P,Case,M,vincent.case@yahoo.com
964798,Prof.,Orlando,M,Wilkerson,M,orlando.wilkerson@hotmail.com
616656,Mr.,Isiah,I,Hubbard,M,isiah.hubbard@hotmail.com
232425,Mrs.,Jeanine,G,Ratliff,F,jeanine.ratliff@gmail.com
504422,Prof.,Damien,L,Middleton,M,damien.middleton@bp.com
941632,Mrs.,Fern,Q,Burris,F,fern.burris@aol.com
925954,Mrs.,Katy,G,Glass,F,katy.glass@charter.net
585128,Ms.,Nikki,P,Bean,F,nikki.bean@gmail.com
271180,Mr.,Norris,F,Alvarez,M,norris.alvarez@charter.net
277858,Mr.,Reinaldo,C,Eaton,M,reinaldo.eaton@gmail.com
118882,Mr.,Eddie,A,Irwin,M,eddie.irwin@hotmail.com
957082,Ms.,Denise,J,Swanson,F,denise.swanson@aol.com
191995,Mrs.,Sasha,D,Beard,F,sasha.beard@gmail.com
294276,Mr.,Josh,X,Tucker,M,josh.tucker@hotmail.com
955260,Mr.,Rodger,X,Roach,M,rodger.roach@apple.com
457714,Mr.,Miles,Y,Mcdaniel,M,miles.mcdaniel@gmail.com
327467,Mrs.,Erin,A,French,F,erin.french@hotmail.com
642418,Hon.,Rosalind,P,Booth,F,rosalind.booth@shaw.ca
536053,Mr.,Lenard,Z,Conner,M,lenard.conner@gmail.com
950796,Hon.,Wilson,K,Mcmillan,M,wilson.mcmillan@msn.com
475176,Mr.,Harley,T,Murphy,M,harley.murphy@yahoo.com
873985,Ms.,Carrie,I,Ramsey,F,carrie.ramsey@gmail.com
706151,Dr.,Esteban,I,Finch,M,esteban.finch@walmart.com
734991,Mr.,Merle,V,Martin,M,merle.martin@gmail.com
461350,Ms.,Joanna,C,Rodriquez,F,joanna.rodriquez@gmail.com
454745,Prof.,Cyrus,M,Gardner,M,cyrus.gardner@gmail.com
901588,Mrs.,Mariana,N,Mcneil,F,mariana.mcneil@aol.com
891083,Dr.,Fletcher,Z,Hardin,M,fletcher.hardin@btinternet.com
654747,Prof.,Edwin,Z,Brock,M,edwin.brock@gmail.com
778415,Ms.,Noreen,G,Bray,F,noreen.bray@gmail.com
996768,Mr.,Ollie,E,Woods,M,ollie.woods@aol.com
295864,Mr.,Cleveland,C,Kirkland,M,cleveland.kirkland@gmail.com
924999,Mr.,Arron,N,Olsen,M,arron.olsen@shaw.ca
291663,Mr.,Elijah,A,Garrison,M,elijah.garrison@gmail.com
818352,Ms.,Allie,B,Landry,F,allie.landry@ntlworld.com
636018,Mrs.,Janie,F,Cooke,F,janie.cooke@gmail.com
712045,Hon.,Shelia,V,Conrad,F,shelia.conrad@ibm.com
507999,Ms.,Aida,E,Banks,F,aida.banks@yahoo.com
770255,Hon.,Lora,I,Wheeler,F,lora.wheeler@gmail.com
977573,Mr.,Fritz,K,Gross,M,fritz.gross@ibm.com
206695,Mrs.,Natalie,V,Ellison,F,natalie.ellison@bp.com
688327,Mr.,Eliseo,A,Berry,M,eliseo.berry@apple.com
903098,Prof.,Philip,T,Mcbride,M,philip.mcbride@outlook.com
557561,Mrs.,Kay,L,Travis,F,kay.travis@yahoo.co.in
864516,Ms.,Liliana,C,Donovan,F,liliana.donovan@hotmail.com
743727,Ms.,Elise,I,Kidd,F,elise.kidd@hotmail.com
205865,Ms.,Tabitha,Q,Baird,F,tabitha.baird@cox.net
909024,Hon.,Barney,S,Guerrero,M,barney.guerrero@gmail.com
808609,Mrs.,Myrtle,O,Riggs,F,myrtle.riggs@shaw.ca
804895,Hon.,Frederick,I,Mckay,M,frederick.mckay@gmail.com
564246,Ms.,Debora,T,Hinton,F,debora.hinton@hotmail.com
208230,Mr.,Merlin,K,Meyers,M,merlin.meyers@gmail.com
232387,Drs.,Celia,U,Huffman,F,celia.huffman@rediffmail.com
124923,Ms.,Tina,C,Cabrera,F,tina.cabrera@gmail.com
274518,Ms.,Kelsey,J,Brown,F,kelsey.brown@gmail.com
288568,Mr.,Danny,U,Shaw,M,danny.shaw@gmail.com
802355,Mrs.,Dena,X,Gomez,F,dena.gomez@aol.com
648744,Dr.,Edmund,B,Blankenship,M,edmund.blankenship@yahoo.com
224106,Dr.,Hershel,Y,Cain,M,hershel.cain@walmart.com
543320,Mrs.,Lawanda,A,Whitehead,F,lawanda.whitehead@earthlink.net
838662,Ms.,Sophia,R,Gregory,F,sophia.gregory@sbcglobal.net
138130,Ms.,Lauren,Q,Mcgee,F,lauren.mcgee@gmail.com
516579,Mr.,Guy,Q,Rutledge,M,guy.rutledge@hotmail.com
939556,Mr.,Kurt,V,Oconnor,M,kurt.oconnor@hotmail.co.uk
495659,Mrs.,Mallory,W,Pearson,F,mallory.pearson@aol.com
630030,Ms.,Louisa,K,Nelson,F,louisa.nelson@aol.com
874431,Mr.,Diego,J,Huffman,M,diego.huffman@hotmail.com
809793,Ms.,Louisa,U,Ellison,F,louisa.ellison@yahoo.co.uk
942454,Hon.,Josue,V,Cross,M,josue.cross@shell.com
228229,Mrs.,Ines,H,Dominguez,F,ines.dominguez@sbcglobal.net
375190,Mr.,Lance,Y,Garza,M,lance.garza@verizon.net
532560,Ms.,Belinda,S,Pace,F,belinda.pace@yahoo.com
210135,Ms.,Gracie,E,Herring,F,gracie.herring@shaw.ca
228355,Dr.,Benito,A,Knapp,M,benito.knapp@aol.com
965308,Mrs.,Lucinda,Q,Mcgowan,F,lucinda.mcgowan@gmail.com
768500,Ms.,Jami,G,Golden,F,jami.golden@gmail.com
816768,Dr.,David,B,Gutierrez,M,david.gutierrez@gmail.com
909541,Mr.,Clement,B,Myers,M,clement.myers@earthlink.net
529604,Mr.,Shane,S,Porter,M,shane.porter@hotmail.co.uk
140932,Mr.,Clint,U,Gross,M,clint.gross@microsoft.com
725731,Mrs.,Ofelia,K,Pickett,F,ofelia.pickett@hotmail.com
214985,Mrs.,Karina,L,Green,F,karina.green@yahoo.ca
405156,Mr.,Sam,O,Burris,M,sam.burris@cox.net
249736,Hon.,Lina,P,Shannon,F,lina.shannon@bp.com
526273,Mr.,Myles,M,Coleman,M,myles.coleman@gmail.com
654723,Mr.,Clay,E,Freeman,M,clay.freeman@gmail.com
672964,Mrs.,Catalina,S,Guthrie,F,catalina.guthrie@aol.com
240799,Ms.,Nannie,E,Moon,F,nannie.moon@gmail.com
169618,Dr.,Donovan,T,Serrano,M,donovan.serrano@btinternet.com
430633,Drs.,Sondra,R,Reyes,F,sondra.reyes@yahoo.co.uk
116286,Hon.,Terrance,N,Duke,M,terrance.duke@microsoft.com
486573,Mrs.,Colleen,Z,Rodriguez,F,colleen.rodriguez@cox.net
371751,Prof.,Thad,X,Luna,M,thad.luna@gmail.com
783654,Mr.,Terence,P,Clay,M,terence.clay@outlook.com
845635,Ms.,Bettie,Q,Holman,F,bettie.holman@hotmail.co.uk
266624,Mr.,Boyd,G,Greer,M,boyd.greer@yahoo.co.in
682855,Mr.,Corey,J,Edwards,M,corey.edwards@gmail.com
229899,Hon.,Violet,T,Lindsay,F,violet.lindsay@charter.net
701561,Mrs.,Camille,D,Mullins,F,camille.mullins@yahoo.com
114862,Mrs.,Nicole,F,Rodriquez,F,nicole.rodriquez@gmail.com
445650,Mr.,Joan,N,Bauer,M,joan.bauer@yahoo.com
574544,Mr.,Kennith,L,Marquez,M,kennith.marquez@aol.com
990758,Ms.,Mae,P,Hurst,F,mae.hurst@gmail.com
833424,Dr.,Denver,I,Mann,M,denver.mann@exxonmobil.com
864834,Mr.,Milford,Y,Dickerson,M,milford.dickerson@gmail.com
703495,Ms.,Marva,B,Phelps,F,marva.phelps@hotmail.com
222179,Mrs.,Betsy,P,Dillon,F,betsy.dillon@msn.com
951011,Ms.,Celeste,D,Ramirez,F,celeste.ramirez@aol.com
187639,Mrs.,Tonya,D,Burke,F,tonya.burke@aol.com
375051,Ms.,Deana,P,Spencer,F,deana.spencer@hotmail.com
509810,Ms.,Susanne,M,Joseph,F,susanne.joseph@gmail.com
625661,Mr.,Cole,A,Spencer,M,cole.spencer@yahoo.com
662168,Prof.,Marlon,E,Whitaker,M,marlon.whitaker@aol.com
678244,Mrs.,Trudy,Z,Frazier,F,trudy.frazier@rediffmail.com
864339,Mrs.,Tania,G,May,F,tania.may@hotmail.com
436424,Mr.,Leonel,G,Guerrero,M,leonel.guerrero@exxonmobil.com
606834,Drs.,Nadia,Z,Stokes,F,nadia.stokes@gmail.com
268942,Mr.,Cody,C,Dillard,M,cody.dillard@gmail.com
484822,Ms.,Megan,T,Fry,F,megan.fry@gmail.com
397241,Ms.,Darla,S,Durham,F,darla.durham@microsoft.com
924252,Hon.,Cecile,I,Ross,F,cecile.ross@bp.com
717079,Hon.,Helene,K,Franco,F,helene.franco@shell.com
494794,Mr.,Vernon,C,Buchanan,M,vernon.buchanan@gmail.com
970841,Hon.,Marva,C,Santiago,F,marva.santiago@gmail.com
281794,Mrs.,Yvette,X,Bentley,F,yvette.bentley@hotmail.com
520539,Hon.,Derick,R,Daugherty,M,derick.daugherty@hotmail.com
567269,Ms.,Fay,O,Villarreal,F,fay.villarreal@yahoo.com
749292,Ms.,Deanna,E,Wilkins,F,deanna.wilkins@ibm.com
292144,Drs.,Augusta,P,Andrews,F,augusta.andrews@gmail.com
896825,Ms.,Erna,A,Tran,F,erna.tran@gmail.com
216408,Mr.,Luther,H,Short,M,luther.short@gmail.com
579003,Prof.,Curtis,S,Williamson,M,curtis.williamson@hotmail.com
249410,Ms.,Yvette,C,Rivers,F,yvette.rivers@ibm.com
241389,Mr.,Walter,G,Velez,M,walter.velez@gmail.com
311405,Ms.,Christa,P,Wilkins,F,christa.wilkins@verizon.net
796832,Mr.,Milton,Z,Neal,M,milton.neal@gmail.com
976347,Ms.,Kimberly,T,Harmon,F,kimberly.harmon@gmail.com
363748,Mr.,Lemuel,E,Houston,M,lemuel.houston@charter.net
368157,Hon.,Marcie,N,Weiss,F,marcie.weiss@yahoo.com
466203,Mr.,Bart,I,Whitaker,M,bart.whitaker@hotmail.com
893798,Ms.,Patrice,N,Koch,F,patrice.koch@shaw.ca
501368,Mr.,Xavier,O,Mcintosh,M,xavier.mcintosh@gmail.com
507594,Ms.,Lidia,K,Rojas,F,lidia.rojas@yahoo.com
390989,Drs.,Essie,C,Bridges,F,essie.bridges@yahoo.co.uk
312364,Mrs.,Sondra,N,Stephens,F,sondra.stephens@msn.com
444670,Mr.,Monte,A,Contreras,M,monte.contreras@gmail.com
969572,Mr.,Ernesto,U,Moreno,M,ernesto.moreno@hotmail.com
129405,Prof.,Ismael,S,Ellis,M,ismael.ellis@charter.net
612960,Mr.,Elijah,K,Hopkins,M,elijah.hopkins@aol.com
328690,Mrs.,Leigh,K,Mccall,F,leigh.mccall@gmail.com
960091,Mr.,Genaro,W,Stafford,M,genaro.stafford@yahoo.com
563448,Drs.,Lucy,F,Hinton,F,lucy.hinton@yahoo.com
982922,Ms.,Bernadette,H,Glass,F,bernadette.glass@hotmail.com
646972,Mr.,Lee,F,Peck,M,lee.peck@gmail.com
387407,Prof.,Damian,Q,Ellison,M,damian.ellison@gmail.com
468347,Mr.,Dusty,R,Hendricks,M,dusty.hendricks@gmail.com
707678,Hon.,Katina,S,Wynn,F,katina.wynn@gmail.com
709899,Prof.,Clair,J,Morris,M,clair.morris@gmail.com
931481,Prof.,Ernesto,U,Short,M,ernesto.short@hotmail.com
415337,Drs.,Frankie,J,Wiggins,F,frankie.wiggins@gmail.com
795746,Mrs.,Angelique,G,Guy,F,angelique.guy@hotmail.com
880808,Mr.,Marcelino,I,Tanner,M,marcelino.tanner@gmail.com
224527,Prof.,Tony,S,Weiss,M,tony.weiss@aol.com
674436,Dr.,Lenard,R,Cardenas,M,lenard.cardenas@yahoo.co.uk
492623,Mrs.,Aurora,S,Gray,F,aurora.gray@gmail.com
589874,Ms.,Manuela,F,Koch,F,manuela.koch@aol.com
476018,Ms.,Jean,K,Mclean,F,jean.mclean@walmart.com
228339,Drs.,Barbra,N,Sutton,F,barbra.sutton@ibm.com
239118,Mrs.,Deann,G,Mccormick,F,deann.mccormick@yahoo.co.uk
125780,Ms.,Reba,L,Browning,F,reba.browning@hotmail.com
431018,Mr.,Rickie,J,Alston,M,rickie.alston@gmail.com
452967,Dr.,Lyman,D,Reeves,M,lyman.reeves@yahoo.com
407464,Mr.,Deon,J,Quinn,M,deon.quinn@gmail.com
871827,Mr.,Israel,K,Mccarthy,M,israel.mccarthy@outlook.com
884068,Dr.,Moises,V,Berger,M,moises.berger@shell.com
131361,Ms.,Jerri,W,Douglas,F,jerri.douglas@yahoo.com
259652,Mr.,Bradley,D,Nieves,M,bradley.nieves@gmail.com
430932,Hon.,Romeo,O,Foster,M,romeo.foster@shell.com
637522,Hon.,Leopoldo,B,Mcgee,M,leopoldo.mcgee@gmail.com
467568,Prof.,Andrea,F,Crawford,M,andrea.crawford@exxonmobil.com
683539,Mr.,Charley,Z,Daniel,M,charley.daniel@yahoo.com
417301,Ms.,Carolyn,Q,Butler,F,carolyn.butler@yahoo.com
682104,Mrs.,Gracie,M,Stanley,F,gracie.stanley@gmail.com
544977,Mr.,Jerrold,L,Sweet,M,jerrold.sweet@gmail.com
928962,Mr.,Joshua,G,Small,M,joshua.small@gmail.com
248088,Mrs.,Kristy,D,Jordan,F,kristy.jordan@hotmail.com
599683,Mr.,Spencer,Z,Williams,M,spencer.williams@hotmail.com
117980,Ms.,Ashley,A,Ochoa,F,ashley.ochoa@shell.com
899405,Mr.,Rocco,P,Wall,M,rocco.wall@gmail.com
935067,Mr.,Sonny,G,Carey,M,sonny.carey@gmail.com
521604,Hon.,Erich,T,Goodman,M,erich.goodman@gmail.com
848091,Prof.,Mack,Q,Massey,M,mack.massey@shaw.ca
999219,Ms.,Vicky,Z,Burgess,F,vicky.burgess@hotmail.com
209627,Mrs.,Willa,Q,Hensley,F,willa.hensley@gmail.com
642586,Hon.,Reva,H,Morales,F,reva.morales@yahoo.com
651163,Ms.,Ina,H,Cummings,F,ina.cummings@gmail.com
425289,Mrs.,Kristi,M,Monroe,F,kristi.monroe@gmail.com
314444,Mr.,Danial,V,Carpenter,M,danial.carpenter@msn.com
956821,Ms.,Benita,L,Duncan,F,benita.duncan@gmail.com
711278,Mr.,Dwayne,R,Kim,M,dwayne.kim@ibm.com
125371,Ms.,Lorrie,D,Rocha,F,lorrie.rocha@aol.com
906259,Drs.,Juliana,V,Hines,F,juliana.hines@gmail.com
327429,Prof.,Mac,Z,Mcleod,M,mac.mcleod@gmail.com
272413,Mr.,Bryce,V,Bonner,M,bryce.bonner@gmail.com
645306,Mr.,Guadalupe,U,Holcomb,M,guadalupe.holcomb@hotmail.com
180869,Mr.,Jacob,S,Cherry,M,jacob.cherry@yahoo.co.in
222563,Mrs.,Jeanette,E,Rivera,F,jeanette.rivera@aol.com
541221,Mr.,Jefferson,B,Holt,M,jefferson.holt@yahoo.ca
198476,Mr.,Dillon,R,Dunn,M,dillon.dunn@yahoo.ca
664807,Hon.,Bertie,Q,Slater,F,bertie.slater@gmail.com
673745,Ms.,Hannah,Z,Cooper,F,hannah.cooper@shaw.ca
812026,Mr.,Jon,A,Mcneil,M,jon.mcneil@hotmail.com
957459,Drs.,Caitlin,U,Mann,F,caitlin.mann@hotmail.com
118109,Hon.,Doris,H,Giles,F,doris.giles@aol.com
900863,Mrs.,Barbra,A,Hobbs,F,barbra.hobbs@outlook.com
147382,Mr.,Hung,E,Witt,M,hung.witt@apple.com
456816,Ms.,Adele,Y,Scott,F,adele.scott@yahoo.com
437096,Ms.,Stella,H,Guy,F,stella.guy@btinternet.com
159397,Mr.,Clement,B,Lancaster,M,clement.lancaster@charter.net
169739,Ms.,Rosetta,J,Decker,F,rosetta.decker@bp.com
995863,Mr.,Caleb,Q,Poole,M,caleb.poole@hotmail.com
779374,Prof.,Dudley,V,Elliott,M,dudley.elliott@yahoo.com
587639,Ms.,Barbara,W,Palmer,F,barbara.palmer@yahoo.com
964222,Mrs.,Alana,S,Henderson,F,alana.henderson@gmail.com
597006,Ms.,Hazel,L,Case,F,hazel.case@aol.com
688836,Mr.,Erich,Z,Lyons,M,erich.lyons@gmail.com
498361,Mrs.,Elise,A,Zimmerman,F,elise.zimmerman@gmail.com
759183,Prof.,Mauro,W,Fernandez,M,mauro.fernandez@gmail.com
186298,Mrs.,Luisa,Q,Mcintyre,F,luisa.mcintyre@outlook.com
776211,Mr.,Duane,R,Lowery,M,duane.lowery@aol.com
337146,Mr.,Weldon,C,Hyde,M,weldon.hyde@gmail.com
273427,Hon.,Ilene,F,Head,F,ilene.head@apple.com
329548,Mr.,Phil,B,Montgomery,M,phil.montgomery@btinternet.com
955183,Mr.,Jonas,L,Underwood,M,jonas.underwood@exxonmobil.com
862947,Mrs.,Benita,H,Mcgee,F,benita.mcgee@hotmail.com
174542,Ms.,Rochelle,R,Guerrero,F,rochelle.guerrero@gmail.com
857324,Drs.,Terra,Z,Webb,F,terra.webb@gmail.com
678498,Mr.,Buford,Y,Zimmerman,M,buford.zimmerman@yahoo.ca
661971,Mr.,Emanuel,X,Nichols,M,emanuel.nichols@hotmail.co.uk
537235,Ms.,Cheryl,M,French,F,cheryl.french@aol.com
712170,Mr.,Theodore,T,Dale,M,theodore.dale@exxonmobil.com
285184,Mrs.,Ginger,H,Palmer,F,ginger.palmer@btinternet.com
994907,Hon.,Lilian,L,Stein,F,lilian.stein@aol.com
523887,Mr.,Gilbert,L,Luna,M,gilbert.luna@microsoft.com
684722,Mr.,Waldo,B,Wright,M,waldo.wright@bp.com
792224,Mr.,Tommie,Y,Cunningham,M,tommie.cunningham@btinternet.com
199699,Prof.,George,W,Potts,M,george.potts@msn.com
953997,Mr.,Graham,F,Hutchinson,M,graham.hutchinson@microsoft.com
149818,Mrs.,Ophelia,Z,Pena,F,ophelia.pena@gmail.com
352882,Dr.,Lon,P,Harper,M,lon.harper@aol.com
760995,Mr.,Irvin,V,Witt,M,irvin.witt@gmail.com
873626,Mrs.,Sheri,A,Spears,F,sheri.spears@yahoo.com
247051,Ms.,Alberta,A,Page,F,alberta.page@hotmail.com
715045,Drs.,Kerri,Q,Santos,F,kerri.santos@yahoo.com
601808,Mr.,Olin,N,Case,M,olin.case@hotmail.com
569286,Mr.,Stefan,L,Jacobs,M,stefan.jacobs@cox.net
172440,Dr.,Cody,H,Allison,M,cody.allison@gmail.com
568435,Ms.,Bonnie,K,Baker,F,bonnie.baker@bp.com
597409,Mr.,Luke,S,Turner,M,luke.turner@charter.net
359608,Hon.,Eva,S,Holman,F,eva.holman@hotmail.com
803426,Mrs.,Maritza,H,Christian,F,maritza.christian@microsoft.com
669618,Drs.,Phyllis,H,Dudley,F,phyllis.dudley@yahoo.co.in
